{"cameraMode":{"drawMode":0,"name":"Shaded","section":"Shading Mode"},"sceneLighting":false,"audioPlay":false,"sceneViewState":{"m_AlwaysRefresh":false,"showFog":true,"showSkybox":false,"showFlares":true,"showImageEffects":true,"showParticleSystems":true,"showVisualEffectGraphs":true,"m_FxEnabled":true},"in2DMode":false,"pivot":{"x":0.000009834766387939453,"y":0.8862220048904419,"z":-0.026244640350341798},"rotation":{"x":-0.2943969666957855,"y":0.00630624545738101,"z":-0.0018797891680151225,"w":-0.955746054649353},"size":3.4363670349121095,"orthographic":false}