{"cameraMode":{"drawMode":0,"name":"Shaded","section":"Shading Mode"},"sceneLighting":true,"audioPlay":false,"sceneViewState":{"m_AlwaysRefresh":false,"showFog":true,"showSkybox":true,"showFlares":true,"showImageEffects":true,"showParticleSystems":true,"showVisualEffectGraphs":true,"m_FxEnabled":true},"in2DMode":false,"pivot":{"x":8.157496452331543,"y":8.474963188171387,"z":-26.056400299072267},"rotation":{"x":0.19558188319206239,"y":0.18268631398677827,"z":-0.03710272163152695,"w":0.9628540873527527},"size":35.98172378540039,"orthographic":false}