{"cameraMode":{"drawMode":0,"name":"Shaded","section":"Shading Mode"},"sceneLighting":true,"audioPlay":false,"sceneViewState":{"m_AlwaysRefresh":false,"showFog":true,"showSkybox":true,"showFlares":true,"showImageEffects":true,"showParticleSystems":true,"showVisualEffectGraphs":true,"m_FxEnabled":true},"in2DMode":false,"pivot":{"x":17.04593849182129,"y":22.364940643310548,"z":-41.44092559814453},"rotation":{"x":-0.31704193353652956,"y":0.03472479060292244,"z":-0.011500731110572815,"w":-0.9477807283401489},"size":0.25791460275650027,"orthographic":false}