{"cameraMode":{"drawMode":0,"name":"Shaded","section":"Shading Mode"},"sceneLighting":false,"audioPlay":false,"sceneViewState":{"m_AlwaysRefresh":false,"showFog":true,"showSkybox":false,"showFlares":true,"showImageEffects":true,"showParticleSystems":true,"showVisualEffectGraphs":true,"m_FxEnabled":true},"in2DMode":false,"pivot":{"x":10.460000038146973,"y":1.5299999713897706,"z":-12.520000457763672},"rotation":{"x":-0.2857992649078369,"y":0.0012677086051553488,"z":-0.0005845390260219574,"w":-0.9584150314331055},"size":3.9092981815338136,"orthographic":false}